{
  "steps": 23993,
  "epochs": 511,
  "loss": 0.011095724361655799,
  "time_s": 300.01342582702637,
  "device": "cuda"
}